Framework,Backend,UniqueTerms,Chars,Time_s
4RNS-INUE,PyMuPDF,18,27522,0.11
4RNS-INUE,pdfplumber,18,27172,0.74
4RNS-INUE,pypdf,17,27641,0.2
Andrews-SMAF,PyMuPDF,32,99961,0.06
Andrews-SMAF,pdfplumber,22,91687,1.67
Andrews-SMAF,pypdf,32,100973,0.25
Arshad-SQI,PyMuPDF,18,30056,0.03
Arshad-SQI,pdfplumber,11,28151,0.59
Arshad-SQI,pypdf,18,30067,0.08
Birner-PEPSA,PyMuPDF,29,74207,0.05
Birner-PEPSA,pdfplumber,25,70827,1.24
Birner-PEPSA,pypdf,29,74418,0.19
CAADP,PyMuPDF,67,445679,0.16
CAADP,pdfplumber,67,444699,8.47
CAADP,pypdf,67,445469,0.78
CAADPresult,PyMuPDF,19,31804,0.04
CAADPresult,pdfplumber,19,30191,1.59
CAADPresult,pypdf,19,32027,0.37
CBD-NEA,PyMuPDF,24,123714,0.12
CBD-NEA,pdfplumber,24,121406,3.31
CBD-NEA,pypdf,24,123223,0.9
CBD,PyMuPDF,21,67122,0.05
CBD,pdfplumber,21,66011,1.36
CBD,pypdf,21,67029,0.32
CIAT-ISFM,PyMuPDF,116,985523,0.66
CIAT-ISFM,pdfplumber,116,976413,50.16
CIAT-ISFM,pypdf,116,992624,10.5
CICES,PyMuPDF,23,146679,0.13
CICES,pdfplumber,23,142960,3.96
CICES,pypdf,23,147155,1.15
Common-4returns,PyMuPDF,62,504773,0.36
Common-4returns,pdfplumber,61,495427,19.47
Common-4returns,pypdf,62,506868,5.36
Cornell-CASH,PyMuPDF,49,323485,0.25
Cornell-CASH,pdfplumber,50,343079,9.36
Cornell-CASH,pypdf,50,350375,2.23
Deel-SEMWISE,PyMuPDF,26,74226,0.05
Deel-SEMWISE,pdfplumber,26,70963,2.23
Deel-SEMWISE,pypdf,26,74747,0.56
Devine-RSCFISH,PyMuPDF,22,85711,0.07
Devine-RSCFISH,pdfplumber,18,79673,1.76
Devine-RSCFISH,pypdf,22,85669,0.52
EEA-SMEITSHA,PyMuPDF,83,663093,0.6
EEA-SMEITSHA,pdfplumber,83,653887,21.03
EEA-SMEITSHA,pypdf,83,662634,4.76
EJP-SHTTAS,PyMuPDF,11,10985,0.02
EJP-SHTTAS,pdfplumber,11,10627,0.35
EJP-SHTTAS,pypdf,11,11014,0.1
EJP-SIREN,PyMuPDF,76,460773,0.28
EJP-SIREN,pdfplumber,76,449898,15.23
EJP-SIREN,pypdf,76,460016,4.37
EU-SS2030,PyMuPDF,45,78848,0.06
EU-SS2030,pdfplumber,45,76162,2.86
EU-SS2030,pypdf,43,79298,0.86
FAO-ALMSFA,PyMuPDF,60,105822,0.12
FAO-ALMSFA,pdfplumber,60,105186,3.16
FAO-ALMSFA,pypdf,59,107742,0.8
FAO-ESFSI,PyMuPDF,67,481683,0.33
FAO-ESFSI,pdfplumber,67,474872,12.36
FAO-ESFSI,pypdf,67,479983,3.11
FAO-GSPAF,PyMuPDF,37,54179,0.04
FAO-GSPAF,pdfplumber,37,52689,1.59
FAO-GSPAF,pypdf,37,54085,0.49
FAO-PASSM,PyMuPDF,28,32757,0.08
FAO-PASSM,pdfplumber,28,32364,3.84
FAO-PASSM,pypdf,28,32696,1.35
FAO-TAPE,PyMuPDF,75,209521,0.17
FAO-TAPE,pdfplumber,75,206589,6.88
FAO-TAPE,pypdf,75,209423,1.93
FAO-VGSSM,PyMuPDF,47,48365,0.05
FAO-VGSSM,pdfplumber,47,47768,2.2
FAO-VGSSM,pypdf,47,48269,0.79
FAO-agroecology,PyMuPDF,41,33839,0.07
FAO-agroecology,pdfplumber,41,34539,2.99
FAO-agroecology,pypdf,41,34965,1.0
FSAT,PyMuPDF,34,117237,0.2
FSAT,pdfplumber,34,113255,4.16
FSAT,pypdf,34,115471,1.31
FtF_GSIAF,PyMuPDF,24,117886,0.09
FtF_GSIAF,pdfplumber,47,115193,5.36
FtF_GSIAF,pypdf,24,117794,1.47
Gwimire-SHAM4WLE,PyMuPDF,40,70501,0.05
Gwimire-SHAM4WLE,pdfplumber,20,73504,1.53
Gwimire-SHAM4WLE,pypdf,40,81481,0.27
IDS-SRLF,PyMuPDF,23,52139,0.02
IDS-SRLF,pdfplumber,23,51984,1.1
IDS-SRLF,pypdf,23,52040,0.1
IFA-G4RNutStewF,PyMuPDF,23,30191,0.03
IFA-G4RNutStewF,pdfplumber,23,29385,0.97
IFA-G4RNutStewF,pypdf,23,30276,0.23
IFDC-FSHA,PyMuPDF,69,246250,0.14
IFDC-FSHA,pdfplumber,69,242171,6.9
IFDC-FSHA,pypdf,69,245859,2.49
IFPRI-GR,PyMuPDF,25,70858,0.07
IFPRI-GR,pdfplumber,25,70650,2.78
IFPRI-GR,pypdf,25,70840,2.19
ILM-Practical,PyMuPDF,21,65211,0.06
ILM-Practical,pdfplumber,21,64033,2.0
ILM-Practical,pypdf,21,65108,0.59
ILM_Tool_Guide,PyMuPDF,18,74557,0.05
ILM_Tool_Guide,pdfplumber,17,72921,1.64
ILM_Tool_Guide,pypdf,18,74413,0.39
IPES-FOOD,PyMuPDF,30,70973,0.06
IPES-FOOD,pdfplumber,30,69826,2.55
IPES-FOOD,pypdf,29,71330,0.77
Jian-DGSHA,PyMuPDF,21,31587,0.05
Jian-DGSHA,pdfplumber,21,31193,2.18
Jian-DGSHA,pypdf,22,31581,0.68
LA4AA,PyMuPDF,28,62530,0.03
LA4AA,pdfplumber,28,61779,1.31
LA4AA,pypdf,28,62504,0.23
LDN_CF_journal,PyMuPDF,25,57481,0.03
LDN_CF_journal,pdfplumber,18,52946,2.33
LDN_CF_journal,pypdf,25,57677,0.36
Lehmann-FPSH,PyMuPDF,31,70696,0.04
Lehmann-FPSH,pdfplumber,31,70009,1.8
Lehmann-FPSH,pypdf,31,70692,0.21
MEA,PyMuPDF,92,567786,0.88
MEA,pdfplumber,94,563363,65.28
MEA,pypdf,91,575283,19.7
MESMIS,PyMuPDF,26,47224,0.02
MESMIS,pdfplumber,19,44873,0.82
MESMIS,pypdf,26,47285,0.23
MN-SHAF,PyMuPDF,25,49983,0.06
MN-SHAF,pdfplumber,25,49174,3.95
MN-SHAF,pypdf,25,49825,1.2
Montg-SHOHPH,PyMuPDF,19,21892,0.03
Montg-SHOHPH,pdfplumber,19,20920,1.77
Montg-SHOHPH,pypdf,19,22043,0.59
Nunes-SHAPE,PyMuPDF,20,76314,0.05
Nunes-SHAPE,pdfplumber,11,70754,1.61
Nunes-SHAPE,pypdf,20,76296,0.34
Permaculture,PyMuPDF,82,963684,0.43
Permaculture,pdfplumber,81,953700,21.14
Permaculture,pypdf,82,963761,6.2
Ploeg-PEAE,PyMuPDF,28,82486,0.04
Ploeg-PEAE,pdfplumber,21,77031,1.31
Ploeg-PEAE,pypdf,28,82800,1.47
Posthumus-FSDST,PyMuPDF,23,100703,0.07
Posthumus-FSDST,pdfplumber,23,98256,3.14
Posthumus-FSDST,pypdf,23,100408,0.92
Ros-OSHAFSSM,PyMuPDF,24,58035,0.04
Ros-OSHAFSSM,pdfplumber,23,55688,1.3
Ros-OSHAFSSM,pypdf,24,58107,0.35
SAI-RAAG,PyMuPDF,7,16385,0.03
SAI-RAAG,pdfplumber,7,16331,0.85
SAI-RAAG,pypdf,7,16351,0.33
SI4AF,PyMuPDF,46,85810,0.06
SI4AF,pdfplumber,46,84128,2.32
SI4AF,pypdf,46,85918,0.55
SKI-LStoolkit,PyMuPDF,24,90736,0.07
SKI-LStoolkit,pdfplumber,24,88632,2.4
SKI-LStoolkit,pypdf,24,90588,0.61
Steve-AESSHF,PyMuPDF,26,37592,0.03
Steve-AESSHF,pdfplumber,26,36273,1.17
Steve-AESSHF,pypdf,26,37287,0.37
Stockdale-CFMSH,PyMuPDF,34,96828,0.05
Stockdale-CFMSH,pdfplumber,34,95451,2.18
Stockdale-CFMSH,pypdf,34,96693,0.47
TEEB,PyMuPDF,50,132832,0.11
TEEB,pdfplumber,49,129045,7.14
TEEB,pypdf,50,135012,2.36
Tittonel-sysageco,PyMuPDF,100,1069139,0.74
Tittonel-sysageco,pdfplumber,102,1054713,35.11
Tittonel-sysageco,pypdf,101,1067997,9.45
UNCCD-ILM,PyMuPDF,34,63433,0.03
UNCCD-ILM,pdfplumber,34,62146,1.4
UNCCD-ILM,pypdf,34,63342,0.2
UNCCD-LDN,PyMuPDF,56,305709,0.23
UNCCD-LDN,pdfplumber,56,301585,7.69
UNCCD-LDN,pypdf,56,307522,1.32
USDA-CFSHAG,PyMuPDF,21,49391,0.14
USDA-CFSHAG,pdfplumber,21,48565,1.72
USDA-CFSHAG,pypdf,21,49508,0.39
WRI-EHWB,PyMuPDF,86,659050,0.37
WRI-EHWB,pdfplumber,86,670665,21.68
WRI-EHWB,pypdf,86,670896,3.46
Wezel-TAPE,PyMuPDF,39,68223,0.06
Wezel-TAPE,pdfplumber,24,63637,2.38
Wezel-TAPE,pypdf,39,68364,0.77
cgiar-ll,PyMuPDF,18,71239,0.05
cgiar-ll,pdfplumber,18,69751,2.12
cgiar-ll,pypdf,18,71278,0.7
govind-DUS,PyMuPDF,33,42714,0.02
govind-DUS,pdfplumber,33,42034,0.86
govind-DUS,pypdf,32,42750,0.15
nestle-RAF,PyMuPDF,55,82839,0.08
nestle-RAF,pdfplumber,57,81075,2.1
nestle-RAF,pypdf,55,82759,0.57
sayer-LA,PyMuPDF,24,57504,0.06
sayer-LA,pdfplumber,17,54067,1.09
sayer-LA,pypdf,24,57893,0.36
