Framework,Backend,Chars,UniqueTerms,TotalMatches,PrinciplesCovered,Time_s,Error
4RNS-INUE,PyMuPDF,27578,143,636,13,0.1,
4RNS-INUE,pdfplumber,27172,143,636,13,0.59,
4RNS-INUE,pypdf,27642,141,624,13,0.17,
4RNS-INUE,Docling,26858,148,637,13,34.39,
Andrews-SMAF,PyMuPDF,99855,267,1790,13,0.04,
Andrews-SMAF,pdfplumber,99297,238,1373,13,1.92,
Andrews-SMAF,pypdf,100974,263,1746,13,0.26,
Andrews-SMAF,Docling,109465,265,1698,13,138.11,
Arshad-SQI,PyMuPDF,30172,164,802,13,0.01,
Arshad-SQI,pdfplumber,29914,165,766,13,0.48,
Arshad-SQI,pypdf,30068,162,796,13,0.09,
Arshad-SQI,Docling,31503,172,819,13,10.66,
Birner-PEPSA,PyMuPDF,74484,226,1203,14,0.04,
Birner-PEPSA,pdfplumber,74227,225,1190,14,1.62,
Birner-PEPSA,pypdf,74419,222,1195,14,0.19,
Birner-PEPSA,Docling,72695,235,1281,14,12.55,
CAADP,PyMuPDF,446913,685,9282,14,0.14,
CAADP,pdfplumber,444788,690,9168,14,8.84,
CAADP,pypdf,445470,687,9299,14,0.78,
CAADP,Docling,376257,552,6139,14,118.66,
CAADPresult,PyMuPDF,32429,166,565,13,0.04,
CAADPresult,pdfplumber,30191,168,569,13,1.14,
CAADPresult,pypdf,32028,166,558,13,0.32,
CAADPresult,Docling,42470,168,646,13,44.32,
CBD-NEA,PyMuPDF,124133,217,2271,14,0.15,
CBD-NEA,pdfplumber,121425,217,2272,14,3.63,
CBD-NEA,pypdf,123224,216,2269,14,1.16,
CBD-NEA,Docling,129975,209,2240,14,182.29,
CBD,PyMuPDF,67408,144,551,13,0.06,
CBD,pdfplumber,66009,144,551,13,1.3,
CBD,pypdf,67028,143,549,13,0.35,
CBD,Docling,65470,144,565,13,32.65,
CIAT-ISFM,PyMuPDF,987216,1240,23724,14,0.8,
CIAT-ISFM,pdfplumber,978719,1236,23550,14,55.05,
CIAT-ISFM,pypdf,992622,1238,23618,14,14.65,
CIAT-ISFM,Docling,641110,919,12778,14,311.88,
CICES,PyMuPDF,147966,227,1948,13,0.15,
CICES,pdfplumber,142963,229,1947,13,5.22,
CICES,pypdf,147156,225,1915,13,1.11,
CICES,Docling,192273,221,1929,13,118.4,
Common-4returns,PyMuPDF,507536,615,7964,13,0.41,
Common-4returns,pdfplumber,495427,612,7929,13,19.64,
Common-4returns,pypdf,506869,615,7990,13,6.11,
Common-4returns,Docling,241042,486,3699,13,202.28,
Cornell-CASH,PyMuPDF,336331,542,8471,13,0.71,
Cornell-CASH,pdfplumber,342628,543,8715,13,10.24,
Cornell-CASH,pypdf,350375,544,8925,13,2.21,
Cornell-CASH,Docling,234597,467,5308,13,1109.1,
Deel-SEMWISE,PyMuPDF,74330,197,1299,13,0.13,
Deel-SEMWISE,pdfplumber,70940,197,1277,13,3.39,
Deel-SEMWISE,pypdf,74748,198,1300,13,0.56,
Deel-SEMWISE,Docling,71475,200,1286,13,82.05,
Devine-RSCFISH,PyMuPDF,85979,225,1555,13,0.09,
Devine-RSCFISH,pdfplumber,84312,210,1365,13,2.65,
Devine-RSCFISH,pypdf,85670,225,1558,13,0.5,
Devine-RSCFISH,Docling,88154,227,1639,13,136.55,
EEA-SMEITSHA,PyMuPDF,667075,844,17764,13,0.95,
EEA-SMEITSHA,pdfplumber,653557,846,17740,13,28.41,
EEA-SMEITSHA,pypdf,662633,839,17644,13,7.05,
EEA-SMEITSHA,Docling,398941,612,8074,13,185.1,
EJP-SHTTAS,PyMuPDF,11058,59,210,11,0.06,
EJP-SHTTAS,pdfplumber,10639,59,209,11,0.52,
EJP-SHTTAS,pypdf,11015,58,209,11,0.15,
EJP-SHTTAS,Docling,11038,54,203,11,110.78,
EJP-SIREN,PyMuPDF,462949,578,9188,13,0.42,
EJP-SIREN,pdfplumber,449914,578,9183,13,20.82,
EJP-SIREN,pypdf,460017,578,9188,13,6.48,
EJP-SIREN,Docling,399348,515,6585,13,501.66,
EU-SS2030,PyMuPDF,79226,340,1937,13,0.11,
EU-SS2030,pdfplumber,76162,340,1937,13,3.45,
EU-SS2030,pypdf,79299,335,1931,13,1.9,
EU-SS2030,Docling,79895,332,1915,13,53.11,
FAO-ALMSFA,PyMuPDF,106000,477,2975,14,0.19,
FAO-ALMSFA,pdfplumber,105182,477,2977,14,5.02,
FAO-ALMSFA,pypdf,107739,473,2859,14,0.77,
FAO-ALMSFA,Docling,101916,481,2904,13,100.34,
FAO-ESFSI,PyMuPDF,484715,687,8297,14,0.48,
FAO-ESFSI,pdfplumber,474875,688,7011,14,16.62,
FAO-ESFSI,pypdf,479983,687,7033,14,3.14,
FAO-ESFSI,Docling,318697,573,4044,14,416.67,
FAO-GSPAF,PyMuPDF,54537,241,1130,13,0.35,
FAO-GSPAF,pdfplumber,52689,241,1130,13,2.71,
FAO-GSPAF,pypdf,54086,238,1126,13,0.44,
FAO-GSPAF,Docling,75903,242,1151,13,80.38,
FAO-PASSM,PyMuPDF,32899,218,837,13,0.15,
FAO-PASSM,pdfplumber,32336,218,823,13,4.59,
FAO-PASSM,pypdf,32695,218,835,13,2.87,
FAO-PASSM,Docling,32477,213,723,13,102.72,
FAO-TAPE,PyMuPDF,211524,556,4407,14,0.27,
FAO-TAPE,pdfplumber,206609,556,4395,14,9.09,
FAO-TAPE,pypdf,209423,556,4409,14,1.83,
FAO-TAPE,Docling,204651,494,3266,14,149.48,
FAO-VGSSM,PyMuPDF,48560,398,1766,14,0.1,
FAO-VGSSM,pdfplumber,47767,398,1766,14,3.42,
FAO-VGSSM,pypdf,48268,389,1735,14,0.87,
FAO-VGSSM,Docling,48483,403,1708,14,38.73,
FAO-agroecology,PyMuPDF,35167,260,984,14,0.13,
FAO-agroecology,pdfplumber,34373,260,918,14,3.72,
FAO-agroecology,pypdf,34966,260,971,14,1.93,
FAO-agroecology,Docling,32480,270,914,14,17.8,
FSAT,PyMuPDF,118505,300,2304,14,0.3,
FSAT,pdfplumber,113260,302,2303,14,6.53,
FSAT,pypdf,115471,300,2296,14,1.26,
FSAT,Docling,112790,277,1869,14,178.73,
FtF_GSIAF,PyMuPDF,118870,401,2476,14,0.13,
FtF_GSIAF,pdfplumber,115193,404,2482,14,6.93,
FtF_GSIAF,pypdf,117795,261,2067,14,2.54,
FtF_GSIAF,Docling,138271,406,2452,14,111.74,
Gwimire-SHAM4WLE,PyMuPDF,79249,310,2514,13,0.1,
Gwimire-SHAM4WLE,pdfplumber,80498,296,2253,13,1.64,
Gwimire-SHAM4WLE,pypdf,81482,305,2538,13,0.34,
Gwimire-SHAM4WLE,Docling,84508,315,2528,13,72.73,
IDS-SRLF,PyMuPDF,52721,171,721,13,0.05,
IDS-SRLF,pdfplumber,52037,171,722,13,1.06,
IDS-SRLF,pypdf,52040,171,725,13,0.15,
IDS-SRLF,Docling,54240,163,702,13,46.28,
IFA-G4RNutStewF,PyMuPDF,30431,200,725,13,0.07,
IFA-G4RNutStewF,pdfplumber,29389,201,726,13,1.01,
IFA-G4RNutStewF,pypdf,30277,196,714,13,0.3,
IFA-G4RNutStewF,Docling,32825,187,678,13,44.49,
IFDC-FSHA,PyMuPDF,247329,604,6867,14,0.21,
IFDC-FSHA,pdfplumber,242170,604,6867,14,9.23,
IFDC-FSHA,pypdf,245860,606,6870,14,2.62,
IFDC-FSHA,Docling,221643,574,5746,14,505.22,
IFPRI-GR,PyMuPDF,70966,249,1267,14,0.14,
IFPRI-GR,pdfplumber,70718,249,1269,14,3.97,
IFPRI-GR,pypdf,70841,248,1268,14,2.7,
IFPRI-GR,Docling,70606,255,1271,14,1147.81,
ILM-Practical,PyMuPDF,65448,208,901,13,0.11,
ILM-Practical,pdfplumber,64054,208,851,13,2.85,
ILM-Practical,pypdf,65109,208,897,13,0.6,
ILM-Practical,Docling,81073,201,842,13,294.81,
ILM_Tool_Guide,PyMuPDF,75539,190,1076,13,0.14,
ILM_Tool_Guide,pdfplumber,72938,179,844,13,1.83,
ILM_Tool_Guide,pypdf,74414,189,1036,13,0.44,
ILM_Tool_Guide,Docling,93247,183,927,13,109.13,
IPES-FOOD,PyMuPDF,71325,258,1203,13,0.14,
IPES-FOOD,pdfplumber,69825,258,1203,13,3.64,
IPES-FOOD,pypdf,71330,256,1194,13,0.6,
IPES-FOOD,Docling,75519,274,1270,13,55.27,
Jian-DGSHA,PyMuPDF,31600,166,614,13,0.11,
Jian-DGSHA,pdfplumber,31216,166,614,13,2.52,
Jian-DGSHA,pypdf,31582,168,621,13,1.56,
Jian-DGSHA,Docling,32292,167,630,13,32.43,
LA4AA,PyMuPDF,62609,208,1206,13,0.07,
LA4AA,pdfplumber,61779,208,1199,13,2.16,
LA4AA,pypdf,62505,208,1201,13,0.25,
LA4AA,Docling,64215,226,1253,13,68.49,
LDN_CF_journal,PyMuPDF,57745,212,1237,13,0.06,
LDN_CF_journal,pdfplumber,57152,204,1139,13,1.74,
LDN_CF_journal,pypdf,57678,208,1224,13,0.21,
LDN_CF_journal,Docling,56978,212,1264,13,206.21,
Lehmann-FPSH,PyMuPDF,70872,276,1870,13,0.07,
Lehmann-FPSH,pdfplumber,70014,273,1820,13,1.83,
Lehmann-FPSH,pypdf,70693,276,1871,13,0.21,
Lehmann-FPSH,Docling,84462,300,2016,13,127.96,
MEA,PyMuPDF,572405,969,11939,14,1.06,
MEA,pdfplumber,562919,970,12056,14,76.91,
MEA,pypdf,575282,919,11539,14,36.72,
MEA,Docling,357712,743,6436,14,171.04,
MESMIS,PyMuPDF,47461,201,652,13,0.05,
MESMIS,pdfplumber,47092,196,628,13,0.97,
MESMIS,pypdf,47286,192,632,13,0.13,
MESMIS,Docling,52146,207,695,13,84.96,
MN-SHAF,PyMuPDF,50297,208,1160,13,0.11,
MN-SHAF,pdfplumber,49174,208,1160,13,5.27,
MN-SHAF,pypdf,49826,208,1160,13,2.06,
MN-SHAF,Docling,51657,213,1164,13,40.23,
Montg-SHOHPH,PyMuPDF,21925,167,547,13,0.08,
Montg-SHOHPH,pdfplumber,20960,167,544,13,2.3,
Montg-SHOHPH,pypdf,22044,167,547,13,1.46,
Montg-SHOHPH,Docling,20972,167,546,13,6.59,
Nunes-SHAPE,PyMuPDF,76638,212,1214,13,0.09,
Nunes-SHAPE,pdfplumber,75107,197,1069,13,2.58,
Nunes-SHAPE,pypdf,76297,214,1221,13,0.46,
Nunes-SHAPE,Docling,83720,212,1291,13,170.78,
Permaculture,PyMuPDF,966655,1079,14141,14,0.6,
Permaculture,pdfplumber,953724,1079,14129,14,29.0,
Permaculture,pypdf,963751,1078,14127,14,10.62,
Permaculture,Docling,595401,803,7855,14,8395.81,
Ploeg-PEAE,PyMuPDF,82766,233,1056,13,0.09,
Ploeg-PEAE,pdfplumber,82413,230,1005,13,1.85,
Ploeg-PEAE,pypdf,82801,222,1034,13,0.38,
Ploeg-PEAE,Docling,83158,223,1042,13,70.39,
Posthumus-FSDST,PyMuPDF,101719,217,1343,14,0.13,
Posthumus-FSDST,pdfplumber,97848,219,1343,14,5.38,
Posthumus-FSDST,pypdf,100409,215,1342,14,0.9,
Posthumus-FSDST,Docling,98712,217,1200,14,66.34,
Ros-OSHAFSSM,PyMuPDF,58114,202,1260,13,0.08,
Ros-OSHAFSSM,pdfplumber,58050,203,1264,13,2.48,
Ros-OSHAFSSM,pypdf,58108,202,1263,13,0.3,
Ros-OSHAFSSM,Docling,57912,210,1309,13,78.24,
SAI-RAAG,PyMuPDF,16436,71,258,13,0.06,
SAI-RAAG,pdfplumber,16330,71,259,13,1.15,
SAI-RAAG,pypdf,16351,70,251,13,0.32,
SAI-RAAG,Docling,21494,121,383,13,145.53,
SI4AF,PyMuPDF,86141,341,2454,14,0.09,
SI4AF,pdfplumber,84129,342,2455,14,3.76,
SI4AF,pypdf,85919,340,2431,14,0.67,
SI4AF,Docling,105327,332,2555,14,37.12,
SKI-LStoolkit,PyMuPDF,90997,183,1009,13,0.15,
SKI-LStoolkit,pdfplumber,88634,183,1009,13,3.84,
SKI-LStoolkit,pypdf,90589,183,1009,13,0.69,
SKI-LStoolkit,Docling,90111,188,1049,13,161.97,
Steve-AESSHF,PyMuPDF,37846,210,971,13,0.07,
Steve-AESSHF,pdfplumber,36305,211,972,13,1.39,
Steve-AESSHF,pypdf,37288,210,971,13,0.33,
Steve-AESSHF,Docling,50038,215,995,13,40.62,
Stockdale-CFMSH,PyMuPDF,97017,301,1900,13,0.08,
Stockdale-CFMSH,pdfplumber,95467,289,1804,13,3.63,
Stockdale-CFMSH,pypdf,96694,300,1879,13,0.45,
Stockdale-CFMSH,Docling,110036,290,1810,13,31.98,
TEEB,PyMuPDF,133470,464,2567,13,0.2,
TEEB,pdfplumber,129087,436,2355,13,10.87,
TEEB,pypdf,135013,466,2569,13,4.51,
TEEB,Docling,163984,477,2714,13,121.06,
Tittonel-sysageco,PyMuPDF,1075311,1138,17070,14,1.17,
Tittonel-sysageco,pdfplumber,1060337,1124,16371,14,47.04,
Tittonel-sysageco,pypdf,1067998,1106,16528,14,15.57,
Tittonel-sysageco,Docling,604767,664,7210,14,526.12,
UNCCD-ILM,PyMuPDF,63623,299,1352,13,0.07,
UNCCD-ILM,pdfplumber,62146,299,1351,13,2.83,
UNCCD-ILM,pypdf,63343,299,1350,13,0.29,
UNCCD-ILM,Docling,66076,311,1328,13,25.97,
UNCCD-LDN,PyMuPDF,308171,488,6179,13,0.37,
UNCCD-LDN,pdfplumber,301318,490,6158,13,11.16,
UNCCD-LDN,pypdf,307523,487,6217,13,3.31,
UNCCD-LDN,Docling,178139,286,2568,13,180.45,
USDA-CFSHAG,PyMuPDF,49721,194,1064,13,0.22,
USDA-CFSHAG,pdfplumber,48565,194,1064,13,1.77,
USDA-CFSHAG,pypdf,49509,194,1059,13,0.61,
USDA-CFSHAG,Docling,52033,196,1017,13,83.69,
WRI-EHWB,PyMuPDF,660759,876,10164,14,0.55,
WRI-EHWB,pdfplumber,670809,876,10179,14,42.54,
WRI-EHWB,pypdf,670897,876,10169,14,5.26,
WRI-EHWB,Docling,325318,609,4825,13,323.21,
Wezel-TAPE,PyMuPDF,68344,238,1261,14,0.12,
Wezel-TAPE,pdfplumber,67213,225,1154,14,2.93,
Wezel-TAPE,pypdf,68365,237,1250,14,0.88,
Wezel-TAPE,Docling,68371,247,1297,14,40.95,
cgiar-ll,PyMuPDF,71546,138,608,13,0.11,
cgiar-ll,pdfplumber,69751,138,608,13,2.59,
cgiar-ll,pypdf,71279,136,602,13,1.8,
cgiar-ll,Docling,91279,137,607,13,53.86,
govind-DUS,PyMuPDF,42868,236,1169,14,0.06,
govind-DUS,pdfplumber,42034,236,1169,14,1.0,
govind-DUS,pypdf,42751,233,1145,14,0.23,
govind-DUS,Docling,46459,227,1111,14,31.63,
nestle-RAF,PyMuPDF,83314,402,2262,14,0.2,
nestle-RAF,pdfplumber,81073,405,2267,14,3.45,
nestle-RAF,pypdf,82758,402,2257,14,0.52,
nestle-RAF,Docling,100298,418,2343,14,187.08,
sayer-LA,PyMuPDF,57781,197,820,13,0.11,
sayer-LA,pdfplumber,56462,170,631,13,1.36,
sayer-LA,pypdf,57894,188,798,13,0.29,
sayer-LA,Docling,63529,204,877,13,17.38,
